Price,Item
ر س  95.75,ارضيات خشبية 1210×198×8.2مم
ر س  259.75,ستارة لفافة معتمة قياسية 240×180 فيروزي
ر س  109.75,غطاء للنوافذ والزجاج 24×36 بوصة سافانا
ر س  49.75,مصباح طاولة 23×13×34سم أسمنت رمادي فاتح
ر س  439.00,سخان ماء نقاط متعددة أورس اس ام ٧
ر س  149.75,مصباح طاولة مركزي لمبة جي 9 أسود
ر س  1٬559.00,KUPAخزانة حمام 75*50*60سم بني
ر س  49.75,إضاءة طاولة ، ٦٠ واط ، بقاعدة خشبية
ر س  49.75,مصباح طاولة 20×20×30سم سيراميك فضي
ر س  759.00,MARBLE خزانة جانبيه 160*30*35سم ابيض
ر س  649.00,140سم بنيx32x30 OBRA خزانة جانبية
ر س  2٬199.00,سم170*75*58 ابيض JOY بانيو ارضي
ر س  109.75,ستارة لفافة 150×180 سم خيزران أسود
ر س  139.75,ستارة معتمة لفافة 90×180 سم سادة عنابي
ر س  169.75,ستارة لفافة معتمة 120×180 سم سادة أبيض
ر س  229.75,ستارة لفافة معتمة 180×180 سم سادة بيج
ر س  315.75,ستارة لفافة معتمة 150×180سم كتاني داكن
ر س  315.75,ستارة لفافة معتمة 150×180سم لون كتاني
ر س  285.75,ستائر لفافة معتمة 180×180سم جاكار #3
ر س  315.00,ROLLER BLINDS/BLKOUT 120X180CM ZEBRA TAU
ر س  209.75,ستارة لفافة 180×180 سم جوت بلستر أبيض
ر س  499.75,اضاءة للحديقة بعمود ٣ مصابيح
ر س  79.75,مصباح عمودي للأماكن الخارجية
ر س  169.75,ستائر للشبابيك  قابلة للطي  180 × 180 سم
ر س  229.75,ستائر 1454 ، 240 × 180 سم
ر س  289.75,مصباح طاولة أرضية سقف قطعتين
ر س  79.75,ستارة لفافة 120×180سم خيزران بني فاتح/دا
ر س  139.75,ستارة لفافة 180×180 سم جوت  قشدي فاتح
ر س  185.75,ستارة لفافة معتمة 120×180 سم نجوم
ر س  55.75,لي دش الحمام 1.5 متر
ر س  89.75,ستارة لفافة 120×180 سم خيزران بني معتدل
ر س  285.75,ستارة لفافة معتمة 120×180سم زنبرك وسلسلة
ر س  109.75,مقعد حمام فاخر ناعم
ر س  335.00,"ستارة من الخشب الصناعي 180×180سم2"" بلوط"
ر س  259.75,ستارة لفافة معتمة 120×180سم كتاني داكن
ر س  169.75,ستائر للشبابيك  قابلة للطي  180× 180 سم
ر س  75.75,ضوء خارجي إفربرايت لإضاءة سريعة وسهلة
ر س  349.75,ستارة لفافة مزدوجة 180×180سم رمادي داكن
ر س  205.75,ستارة لفافة معتمة 180×180سم طباعة رقطات
ر س  26.75,طقم شطاف اقتصادي مع خرطوم بطول ١٢٠سم
ر س  249.75,ستارة لفافة معتمة قياسية 180×180أرابيسكو
ر س  9.75,طوب زجاجي مقاس 190×190×80مم شفاف خط متوا
ر س  24.00 ر س  63.75,أرضيات خشبية لامعة 1215×195×8.3 ملم  1.8
ر س  119.75,ارضيات خشبية 1285×192×8 ملم- 2.22 متر مر
ر س  229.75,ستارة لفافة معتمة قياسية 180×180فيروزي
ر س  109.75,ورق ديكور للزجاج مقاس 61 سم × 92 سم آرتس
ر س  14.75,شطاف بيديه رأس رشاش
ر س  349.75,مصباح سقف 3 لمبات اية 14 ذهبي وأسود
ر س  399.75,مصباح طاولة قفص ايه 27 دخاني وأسود
ر س  79.75,قفازات جلد اصطناعي مبطنة حجم جامبو
ر س  89.75,إضاءة طاولة ، ٦٠ واط ، بقاعدة حجرية
ر س  59.75,مصباح طاولة 25×25×42سم ظل بيج
ر س  1٬399.00,STONEخزانة حمام 90*50*57سم بني واسود
ر س  799.00,شاور بوكس MULSANNE م190X90X90سم6ملم أسود
ر س  2٬999.00,سم129*129*66 ابيض NOVA جاكووزي
ر س  189.75,ستارة لفافة 240×180 سم خيزران بني معتدل
ر س  139.75,ستارة لفافة معتمة 90×180 سم سادة أبيض
ر س  169.75,ستارة لفافة معتمة 120×180 سم سادة بيج
ر س  229.75,ستارة لفافة معتمة 180×180 سم سادة بيج
ر س  259.75,ستارة لفافة معتمة 240×180 سم سادة أبيض
ر س  209.75,ستائر للشبابيك  قابلة للطي  180×180سم
ر س  199.00 ر س  425.00,ستائر   180×180سم بيج
ر س  315.00,ROLLER BLINDS/BLKOUT 120X180CM ZEBRA BLK
ر س  109.75,ستارة لفافة 90×180 سم جوت بلستر أبيض